PrevCommRef,PrevCommSystemId,PrevCommID,Trialref,PrevCommexists,PrevCommdate,PrevCommdate_as_date,Fromwhere,Createdby,Createdate,Lastupdatedby,Lastupdatedon
"PC/JO/10","JO",10,"T/JO/989",1,"6/1662","06/01/62 00:00:00","privy council","jhm","10/11/01 14:46:44","jhm","10/11/01 14:46:50"
"PC/JO/11","JO",11,"T/JO/990",1,"6/1662","06/01/62 00:00:00","privy council","jhm","10/11/01 14:54:10","jhm","10/11/01 14:54:15"
"PC/JO/12","JO",12,"T/JO/991",1,"6/1662","06/01/62 00:00:00","privy council","jhm","10/11/01 15:03:17","jhm","10/11/01 15:03:24"
"PC/JO/13","JO",13,"T/JO/992",1,"6/1662","06/01/62 00:00:00","privy council","jhm","10/11/01 15:10:53","jhm","10/11/01 15:10:59"
"PC/JO/14","JO",14,"T/JO/993",1,"6/1662","06/01/62 00:00:00","privy council","jhm","10/11/01 15:17:57","jhm","10/11/01 15:18:02"
"PC/JO/15","JO",15,"T/JO/994",1,"6/1662","06/01/62 00:00:00","privy council","jhm","10/11/01 15:25:29","jhm","10/11/01 15:25:34"
"PC/JO/16","JO",16,"T/JO/995",1,"6/1662","06/01/62 00:00:00","privy council","jhm","10/11/01 15:31:47","jhm","10/11/01 15:31:53"
"PC/JO/17","JO",17,"T/JO/996",1,"6/1662","06/01/62 00:00:00","privy council","jhm","10/11/01 15:37:46","jhm","10/21/02 15:42:15"
"PC/JO/18","JO",18,"T/JO/997",1,"6/1662","06/01/62 00:00:00","privy council","jhm","10/11/01 15:45:10","jhm","10/11/01 15:45:15"
"PC/JO/19","JO",19,"T/JO/998",1,"6/1662","06/01/62 00:00:00","privy council","jhm","10/11/01 15:52:15","jhm","10/11/01 15:52:21"
"PC/JO/20","JO",20,"T/JO/999",1,"6/1662","06/01/62 00:00:00","privy council","jhm","10/11/01 15:59:11","jhm","10/11/01 15:59:18"
"PC/JO/5","JO",5,"T/JO/984",1,"6/1662","06/01/62 00:00:00","privy council","jhm","10/11/01 12:54:09","jhm","10/11/01 12:54:17"
"PC/JO/6","JO",6,"T/JO/985",1,"6/1662","06/01/62 00:00:00","privy council","jhm","10/11/01 13:07:48","jhm","10/11/01 13:07:54"
"PC/JO/7","JO",7,"T/JO/986",1,"6/1662","06/01/62 00:00:00","privy council","jhm","10/11/01 13:16:52","jhm","10/11/01 13:17:00"
"PC/JO/8","JO",8,"T/JO/987",1,"6/1662","06/01/62 00:00:00","privy council","jhm","10/11/01 13:33:26","jhm","10/11/01 13:33:31"
"PC/JO/9","JO",9,"T/JO/988",1,"6/1662","06/01/62 00:00:00","privy council","jhm","10/11/01 14:39:08","jhm","10/21/02 15:40:59"
